Season,Characters
Season_1,Bryan Cranston as Walter White
Season_1,Anna Gunn as Skyler White
Season_1,Aaron Paul as Jesse Pinkman
Season_1,Dean Norris as Hank Schrader
Season_1,Betsy Brandt as Marie Schrader
Season_1,RJ Mitte as Walter White Jr.
Season_1,Max Arciniega as Krazy-8
Season_1,John Koyama as Emilio
Season_1,Steven Michael Quezada as Gomez
Season_1,Marius Stan as Bogdan
Season_1,Aaron Hill as Jock
Season_1,Greg Chase as Dr. Belknap
Season_1,Carmen Serano as Carmen
Season_1,Evan Bobrick as Chad
Season_1,Roberta Marquez as Chad's Girlfriend
Season_1,Christopher Dempsey as E.M.T.
Season_1,Allan Pacheco as Irving
Season_1,Jason Byrd as Chemistry Student
Season_1,Linda Speciale as Sexy Neighbor
Season_1,Jesus Ramirez as Jock's Friend #1
Season_1,Joshua S. Patton as Jock's Friend #2
Season_1,Christopher Dempsey as Paramedic
Season_1,Edward A. Duran as DEA Agent #1
Season_1,Andrea Good as Laundry Worker
Season_1,Sergio Kato as DEA Agent Tom
Season_1,Benjamin Lax as Chemistry Student
Season_1,William E. Marshall as Parent
Season_1,Peggy Ann O'Neal as Pedestrian
Season_1,Melissa Bernstein as Student in bus
Season_1,Bryan Cranston as Walter White
Season_1,Anna Gunn as Skyler White
Season_1,Aaron Paul as Jesse Pinkman
Season_1,Dean Norris as Hank Schrader (credit only)
Season_1,Betsy Brandt as Marie Schrader (credit only)
Season_1,RJ Mitte as Walter White Jr.
Season_1,Max Arciniega as Krazy-8
Season_1,John Koyama as Emilio
Season_1,Shane Marinson as Ob-Gyn
Season_1,Jason Byrd as Ben
Season_1,Anthony Wamego as Backhoe Operator
Season_1,Bryan Cranston as Walter White
Season_1,Anna Gunn as Skyler White
Season_1,Aaron Paul as Jesse Pinkman
Season_1,Dean Norris as Hank Schrader
Season_1,Betsy Brandt as Marie Schrader
Season_1,RJ Mitte as Walter White Jr.
Season_1,Max Arciniega as Krazy-8
Season_1,Jessica Hecht as Gretchen Schwartz
Season_1,Steven Michael Quezada as Steven Gomez
Season_1,Carmen Serano as Carmen Molina
Season_1,Anna Felix as Sales Girl
Season_1,Julia Minesci as Meth Whore
Season_1,Daniel Serrano as Meth Drug Dealer
Season_1,Jason Byrd as Ben
Season_1,Bryan Cranston as Walter White
Season_1,Anna Gunn as Skyler White
Season_1,Aaron Paul as Jesse Pinkman
Season_1,Dean Norris as Hank Schrader
Season_1,Betsy Brandt as Marie Schrader
Season_1,RJ Mitte as Walter White Jr.
Season_1,Tess Harper as Mrs. Pinkman
Season_1,Steven Michael Quezada as Steven Gomez
Season_1,Michael Bofshever as Mr. Pinkman
Season_1,Kyle Bornheimer as Ken
Season_1,Ben Petry as Jake Pinkman
Season_1,David House as Dr. Delcavoli
Season_1,Jon Kristian Moore as DEA Agent
Season_1,Tish Miller as Bank Teller
Season_1,Charles Baker as Skinny Pete
Season_1,Rodney Rush as Chubby Stoner
Season_1,Michael-David Aragon as DEA Agent #2
Season_1,Robert Anthony Brass as Bank Customer
Season_1,Tavia Schwartz as Home Buyer
Season_1,Bryan Cranston as Walter White
Season_1,Anna Gunn as Skyler White
Season_1,Aaron Paul as Jesse Pinkman
Season_1,Dean Norris as Hank Schrader
Season_1,Betsy Brandt as Marie Schrader
Season_1,RJ Mitte as Walter White Jr.
Season_1,Adam Godley as Elliott Schwartz
Season_1,Jessica Hecht as Gretchen Schwartz
Season_1,Matt Jones as Badger
Season_1,William Sterchi as Manager
Season_1,Marc Mouchet as Farley
Season_1,Kiira Arai Sniegowski as Server
Season_1,William Allen as Scientist
Season_1,Loren Haynes as Music Producer
Season_1,Kyle Swimmer as Louis
Season_1,Robert Arrington as Soren
Season_1,Frederic Doss as Off Duty Cop
Season_1,Juanita Trad as Medical Technician
Season_1,William T. Johnson as Neighborhood Boy
Season_1,Bryan Cranston as Walter White
Season_1,Anna Gunn as Skyler White
Season_1,Aaron Paul as Jesse Pinkman
Season_1,Dean Norris as Hank Schrader
Season_1,Betsy Brandt as Marie Schrader
Season_1,RJ Mitte as Walter White Jr.
Season_1,Raymond Cruz as Tuco Salamanca
Season_1,Steven Michael Quezada as Steven Gomez
Season_1,Carmen Serano as Carmen Molina
Season_1,Pierre Barrera as Hugo
Season_1,Charles Baker as Skinny Pete
Season_1,Cesar Garcia as No-Doze
Season_1,Jesus Payan as Gonzo
Season_1,Vivian Nesbitt as Mrs. Pope
Season_1,Judith Rane as Office Manager
Season_1,Seraphine DeYoung as Student
Season_1,Dennis Keiffer as Lookout
Season_1,Andrea Good as Laundry Worker
Season_1,Bryan Cranston as Walter White
Season_1,Anna Gunn as Skyler White
Season_1,Aaron Paul as Jesse Pinkman
Season_1,Dean Norris as Hank Schrader
Season_1,Betsy Brandt as Marie Schrader
Season_1,RJ Mitte as Walter White Jr.
Season_1,Raymond Cruz as Tuco Salamanca
Season_1,Carmen Serano as Carmen Molina
Season_1,Beth Bailey as Jodi Nichols
Season_1,Geoffrey Rivas as Police Officer
Season_1,David House as Dr. Delcavoli
Season_1,Jesus Payan as Gonzo
Season_1,Cesar Garcia as No-Doze
Season_1,Mike Miller as Jewelry Store Owner
Season_1,Lorri Oliver as Concerned Parent
Season_1,Kristen Loree as Concerned Parent
Season_1,Dave Colon as Concerned Parent
Season_1,Carrie Fleming as Yuppie Woman
Season_1,Matthew Page as Chemical Plant Guard
Season_1,Jacob Mullikan as Prospective Buyer
Season_1,Charles Dowdy as Mr. Wilson
Season_1,Cliff Gravel as Teacher
Season_1,Clark Sanchez as Biker
Season_2,Bryan Cranston as Walter White
Season_2,Anna Gunn as Skyler White
Season_2,Aaron Paul as Jesse Pinkman
Season_2,Dean Norris as Hank Schrader
Season_2,Betsy Brandt as Marie Schrader
Season_2,RJ Mitte as Walter White Jr.
Season_2,Raymond Cruz as Tuco Salamanca
Season_2,Steven Michael Quezada as Steven Gomez
Season_2,Cesar Garcia as No-Doze
Season_2,Jesus Payan as Gonzo
Season_2,Isaac Kappy as Rowdy Prisoner
Season_2,Ryan Scott Lee as Neighborhood Kid
Season_2,Vic Browder as Detective
Season_2,Jamie Haqqani as DEA Agent
Season_2,Bryan Cranston as Walter White
Season_2,Anna Gunn as Skyler White
Season_2,Aaron Paul as Jesse Pinkman
Season_2,Dean Norris as Hank Schrader
Season_2,Betsy Brandt as Marie Schrader
Season_2,RJ Mitte as Walter White Jr.
Season_2,Raymond Cruz as Tuco Salamanca
Season_2,Tess Harper as Mrs. Pinkman
Season_2,Mark Margolis as Hector Salamanca
Season_2,Steven Michael Quezada as Steven Gomez
Season_2,Nigel Gibbs as APD Detective Tim Roberts
Season_2,Dana Cortez as TV Reporter
Season_2,Robert Sanchez as Harry Lipenstein
Season_2,Bryan Cranston as Walter White
Season_2,Anna Gunn as Skyler White
Season_2,Aaron Paul as Jesse Pinkman
Season_2,Dean Norris as Hank Schrader
Season_2,Betsy Brandt as Marie Schrader
Season_2,RJ Mitte as Walter White Jr.
Season_2,Mark Margolis as Hector Salamanca
Season_2,Harry Groener as Dr. Chavez
Season_2,Michael Shamus Wiles as ASAC George Merkert
Season_2,Matthew Lee Jones as Badger
Season_2,Tom Kiesche as Clovis
Season_2,Steven Michael Quezada as Steven Gomez
Season_2,David House as Dr. Delcavoli
Season_2,Julia Minesci as Wendy
Season_2,Todd Terry as SAC
Season_2,Christopher Dempsey as Hospital Medic
Season_2,Kat Sawyer-Young as Dr. Soper
Season_2,Sheran Keyton as Tio's Nurse
Season_2,David Priemazon as DEA Point Man
Season_2,Ramsey Williams as Supermarket Clerk
Season_2,Michael-David Aragon as DEA Agent
Season_2,Lawrence Gilligan as DEA Agent
Season_2,Jamie Haqqani as DEA Agent
Season_2,Bryan Cranston as Walter White
Season_2,Anna Gunn as Skyler White
Season_2,Aaron Paul as Jesse Pinkman
Season_2,Dean Norris as Hank Schrader (credit only)
Season_2,Betsy Brandt as Marie Schrader (credit only)
Season_2,RJ Mitte as Walter White Jr.
Season_2,Tess Harper as Mrs. Pinkman
Season_2,Michael Bofshever as Mr. Pinkman
Season_2,Dan Desmond as Mr. Gardiner
Season_2,Tom Kiesche as Clovis
Season_2,Drew Waters as Paul Tyree
Season_2,Shauna McLean as Sara Tyree
Season_2,Liam Ruggles as Henry Tyree
Season_2,Caleb Jones as Louis
Season_2,Argos MacCallum as Wino
Season_2,Jamie Haqqani as DEA Agent
Season_2,Bryan Cranston as Walter White
Season_2,Anna Gunn as Skyler White
Season_2,Aaron Paul as Jesse Pinkman
Season_2,Dean Norris as Hank Schrader
Season_2,Betsy Brandt as Marie Schrader
Season_2,RJ Mitte as Walter White Jr.
Season_2,Krysten Ritter as Jane Margolis
Season_2,Matt Jones as Badger
Season_2,Steven Michael Quezada as Steven Gomez
Season_2,Michael Shamus Wiles as ASAC George Merkert
Season_2,Dale Dickey as Spooge's Lady
Season_2,David Ury as Spooge
Season_2,Tom Kiesche as Clovis
Season_2,Charles Baker as Skinny Pete
Season_2,Rodney Rush as Combo
Season_2,David House as Dr. Delcavoli
Season_2,Judith Rane as Office Manager
Season_2,Lawrence Varnado as Agent Buddy
Season_2,Robert Sanchez as Harry Lipenstein
Season_2,Lawrence Gilligan as DEA Agent
Season_2,Tavia Schwartz as Bad Girl
Season_2,Malcolm Ullery as Skycap
Season_2,Bryan Cranston as Walter White
Season_2,Anna Gunn as Skyler White
Season_2,Aaron Paul as Jesse Pinkman
Season_2,Dean Norris as Hank Schrader (credit only)
Season_2,Betsy Brandt as Marie Schrader (voice only)
Season_2,RJ Mitte as Walter White Jr.
Season_2,Jessica Hecht as Gretchen Schwartz
Season_2,Dale Dickey as Spooge's Lady
Season_2,David Ury as Spooge
Season_2,Carmen Serano as Carmen Molina
Season_2,Charles Baker as Skinny Pete
Season_2,Dylan & Brandon Carr as Young Boy
Season_2,Cocoa Brown as Mail Lady
Season_2,Andrew Lutheran as Jeffrey
Season_2,Bryan Cranston as Walter White
Season_2,Anna Gunn as Skyler White
Season_2,Aaron Paul as Jesse Pinkman
Season_2,Dean Norris as Hank Schrader
Season_2,Betsy Brandt as Marie Schrader
Season_2,RJ Mitte as Walter White Jr.
Season_2,Danny Trejo as Tortuga
Season_2,Krysten Ritter as Jane Margolis
Season_2,Matt Jones as Badger
Season_2,Christopher Cousins as Ted Beneke
Season_2,Charles Baker as Skinny Pete
Season_2,Rodney Rush as Combo
Season_2,J.D. Garfield as Vanco
Season_2,Todd Terry as El Paso SAC
Season_2,Rio Alexander as Federale
Season_2,Jonathan Ragsdale as Student
Season_2,Catherine Haun as Receptionist
Season_2,John Christopher Hicks as Big Biker
Season_2,Gabriel Berrelleza as Narcocorridos Band #1
Season_2,Martiniano Berrelleza Alvarado as Narcocorridos Band #2
Season_2,Paul J. Porter as El Paso DEA Agent
Season_2,David T. Quan as Corpse
Season_2,Sebastian Tyler Rose as Boy in Museum
Season_2,Bryan Cranston as Walter White
Season_2,Anna Gunn as Skyler White
Season_2,Aaron Paul as Jesse Pinkman
Season_2,Dean Norris as Hank Schrader
Season_2,Betsy Brandt as Marie Schrader
Season_2,RJ Mitte as Walter White Jr. (credit only)
Season_2,Bob Odenkirk as Saul Goodman
Season_2,DJ Qualls as Getz
Season_2,Krysten Ritter as Jane Margolis
Season_2,Matt Jones as Badger
Season_2,Steven Michael Quezada as Steven Gomez
Season_2,Tina Parker as Francesca
Season_2,Jimmy Daniels as Jimmy In-'N-Out
Season_2,Shenoah Allen as Schlubby Guy #1
Season_2,Drew Pollock as Schlubby Guy #2
Season_2,Casey Cerutti as Hot Chick Cop
Season_2,Andrea Good as Laundry Worker
Season_2,Bryan Cranston as Walter White
Season_2,Anna Gunn as Skyler White
Season_2,Aaron Paul as Jesse Pinkman
Season_2,Dean Norris as Hank Schrader
Season_2,Betsy Brandt as Marie Schrader
Season_2,RJ Mitte as Walter White Jr.
Season_2,Bob Odenkirk as Saul Goodman
Season_2,Krysten Ritter as Jane Margolis
Season_2,David House as Dr. Delcavoli
Season_2,Jeff Fenter as Urinal Guy
Season_2,Marcus M. Mauldin as Technician
Season_2,Bryan Cranston as Walter White
Season_2,Anna Gunn as Skyler White
Season_2,Aaron Paul as Jesse Pinkman
Season_2,Dean Norris as Hank Schrader
Season_2,Betsy Brandt as Marie Schrader
Season_2,RJ Mitte as Walter White Jr.
Season_2,Krysten Ritter as Jane Margolis
Season_2,Christopher Cousins as Ted Beneke
Season_2,John de Lancie as Donald Margolis
Season_2,Steven Michael Quezada as Steven Gomez
Season_2,Carmen Serano as Carmen Molina
Season_2,Carl Savering as Bob
Season_2,Shannon McCormick as Tweaky Dude
Season_2,KA Beesler as Thug Buddy
Season_2,Bryan Cranston as Walter White
Season_2,Anna Gunn as Skyler White
Season_2,Aaron Paul as Jesse Pinkman
Season_2,Dean Norris as Hank Schrader (credit only)
Season_2,Betsy Brandt as Marie Schrader (credit only)
Season_2,RJ Mitte as Walter White Jr. (credit only)
Season_2,Bob Odenkirk as Saul Goodman
Season_2,Giancarlo Esposito as Gustavo Fring
Season_2,Krysten Ritter as Jane Margolis
Season_2,Christopher Cousins as Ted Beneke
Season_2,Sam McMurray as Dr. Victor Bravenec
Season_2,Charles Baker as Skinny Pete
Season_2,Rodney Rush as Combo
Season_2,David House as Dr. Delcavoli
Season_2,Angelo Martinez as Boy
Season_2,Mike Seal as Rival Dealer #1
Season_2,Antonio Leyba as Rival Dealer #2
Season_2,Reis Myers-McCormick as OB/GYN
Season_2,Erin Miller-Gibbs as Restaurant Employee
Season_2,Ashley Kajiki as Restaurant Manager
Season_2,Jeremiah Bitsui as Gus' Messenger
Season_2,Maggie Fine as Beneke Employee #1
Season_2,Kate Schroeder as Beneke Employee #2
Season_2,John Augustini as Tim
Season_2,Unknown actress as Lucy
Season_2,Unknown actor as Bob
Season_2,Karen M. Hudson as Office Worker
Season_2,Z. Ray Wakeman as Los Pollos Hermanos Patron
Season_2,Bryan Cranston as Walter White
Season_2,Anna Gunn as Skyler White
Season_2,Aaron Paul as Jesse Pinkman
Season_2,Dean Norris as Hank Schrader
Season_2,Betsy Brandt as Marie Schrader
Season_2,RJ Mitte as Walter White Jr.
Season_2,Bob Odenkirk as Saul Goodman
Season_2,Krysten Ritter as Jane Margolis
Season_2,Christopher Cousins as Ted Beneke
Season_2,John de Lancie as Donald Margolis
Season_2,Tomas Potts as Tattooed Biker
Season_2,Cydne Schulte as Tattooed Woman
Season_2,Tony Whitecrow as Addict
Season_2,Wendy Scott as Nurse
Season_2,Erik J. Bockemeier as NA Sponsor
Season_2,Bryan Cranston as Walter White
Season_2,Anna Gunn as Skyler White
Season_2,Aaron Paul as Jesse Pinkman
Season_2,Dean Norris as Hank Schrader
Season_2,Betsy Brandt as Marie Schrader
Season_2,RJ Mitte as Walter White Jr.
Season_2,Jonathan Banks as Mike Ehrmantraut
Season_2,Giancarlo Esposito as Gustavo Fring
Season_2,Krysten Ritter as Jane Margolis
Season_2,John de Lancie as Donald Margolis
Season_2,Steven Michael Quezada as Steven Gomez
Season_2,Sam McMurray as Dr. Victor Bravenec
Season_2,Michael Shamus Wiles as ASAC George Merkert
Season_2,David House as Dr. Delcavoli
Season_2,Philip Howell as O.M.I. Attendent
Season_2,Juliet Lopez as O.M.I. Officer
Season_2,Kieran Sequoia as Local Correspondent
Season_2,Richard Williams as Business Community Leader #1
Season_2,Daniel Halleck as Business Community Leader #2
Season_2,Richard Christie as Stew
Season_2,Ravenna Fahey as Nurse
Season_2,Jon Reigle as Look out
Season_2,Tina Borek as Lady in Car
Season_2,Andrea Good as Laundry Worker
Season_3,Bryan Cranston as Walter White
Season_3,Anna Gunn as Skyler White
Season_3,Aaron Paul as Jesse Pinkman
Season_3,Dean Norris as Hank Schrader
Season_3,Betsy Brandt as Marie Schrader
Season_3,RJ Mitte as Walter White Jr.
Season_3,Giancarlo Esposito as Gustavo Fring
Season_3,John de Lancie as Donald Margolis
Season_3,Jere Burns as Group Leader
Season_3,Julie Dretzin as Pamela Orbic
Season_3,Carmen Serano as Principal Carmen Molina
Season_3,Luis Moncada and Daniel Moncada as The Cousins
Season_3,Jonathan Ragsdale as Barry
Season_3,Taylor Cranston as Sad Faced Girl
Season_3,Robin Dearden as Emotional Woman
Season_3,Galen Hutchinson as Wide Eyed Boy
Season_3,Jesus Mayorga as Friendly Guy
Season_3,Lorel Medina as Daughter
Season_3,Mario Moreno as Father
Season_3,Maria Bethke as Mother
Season_3,Cicelo Solano as Old Crawler
Season_3,Ashleigh Banfield as Anchor #1
Season_3,Marla Tellez as Anchor #2
Season_3,Jeff Maher as Anchor #3
Season_3,Dana Cortez as Anchor #4
Season_3,Holly Rice as Teacher
Season_3,Erik Beacham as Rehab Patient
Season_3,Kathryn Dove as Teacher
Season_3,Will Ontiveros as High School Student
Season_3,Bryan Cranston as Walter White
Season_3,Anna Gunn as Skyler White
Season_3,Aaron Paul as Jesse Pinkman
Season_3,Dean Norris as Hank Schrader
Season_3,Betsy Brandt as Marie Schrader
Season_3,RJ Mitte as Walter White Jr.
Season_3,Giancarlo Esposito as Gustavo Fring
Season_3,Bob Odenkirk as Saul Goodman
Season_3,Jonathan Banks as Mike Ehrmantraut
Season_3,Tess Harper as Mrs. Pinkman
Season_3,Mark Margolis as Hector Salamanca
Season_3,Christopher Cousins as Ted Beneke
Season_3,Steven Michael Quezada as Steven Gomez
Season_3,Michael Bofshever as Mr. Pinkman
Season_3,Dan Desmond as Mr. Gardiner
Season_3,Luis Moncada and Daniel Moncada as The Cousins
Season_3,Jeremiah Bitsui as Victor
Season_3,Kaija Roze Bales as Little Girl
Season_3,J. Taylor as Cop
Season_3,Rodger Larance as Mall Shopper
Season_3,Bryan Cranston as Walter White
Season_3,Anna Gunn as Skyler White
Season_3,Aaron Paul as Jesse Pinkman
Season_3,Betsy Brandt as Marie Schrader (credit only)
Season_3,Dean Norris as Hank Schrader
Season_3,RJ Mitte as Walter White Jr.
Season_3,Bob Odenkirk as Saul Goodman
Season_3,Giancarlo Esposito as Gustavo Fring
Season_3,Jonathan Banks as Mike Ehrmantraut
Season_3,Danny Trejo as Tortuga
Season_3,Mark Margolis as Hector Salamanca
Season_3,Christopher Cousins as Ted Beneke
Season_3,Julie Dretzin as Pamela Orbic
Season_3,Javier Grajeda as Juan Bolsa
Season_3,Steven Michael Quezada as Steven Gomez
Season_3,Stoney Westmoreland as Officer Saxton
Season_3,Luis Moncada and Daniel Moncada as The Cousins
Season_3,Caleb Jones as Louis
Season_3,James Espinoza as Beto
Season_3,Daniel Champine as Rookie Partner
Season_3,Shari Rhodes as Bingo Lady
Season_3,Krysten Ritter as Jane Margolis (voice only)
Season_3,Karen M. Hudson as Office Worker
Season_3,Keith Jardine as Bar Fighter
Season_3,Gary Ray Stearns as Skell
Season_3,Bryan Cranston as Walter White
Season_3,Anna Gunn as Skyler White
Season_3,Aaron Paul as Jesse Pinkman
Season_3,Dean Norris as Hank Schrader
Season_3,Betsy Brandt as Marie Schrader
Season_3,RJ Mitte as Walter White Jr.
Season_3,Bob Odenkirk as Saul Goodman
Season_3,Giancarlo Esposito as Gustavo Fring
Season_3,Jonathan Banks as Mike Ehrmantraut
Season_3,Christopher Cousins as Ted Beneke
Season_3,Steven Michael Quezada as Steven Gomez
Season_3,Carmen Serano as Principal Carmen Molina
Season_3,Michael Shamus Wiles as ASAC George Merkert
Season_3,Jolene Purdy as Cara
Season_3,Jeremiah Bitsui as Victor
Season_3,Catherine Haun as Receptionist
Season_3,Mark Hanson as Burnout
Season_3,Parker Sisty as Saul's Client
Season_3,Karen M. Hudson as Office Worker
Season_3,Bryan Cranston as Walter White
Season_3,Anna Gunn as Skyler White
Season_3,Aaron Paul as Jesse Pinkman
Season_3,Dean Norris as Hank Schrader
Season_3,Betsy Brandt as Marie Schrader
Season_3,RJ Mitte as Walter White Jr.
Season_3,Bob Odenkirk as Saul Goodman
Season_3,Giancarlo Esposito as Gustavo Fring
Season_3,Christopher Cousins as Ted Beneke
Season_3,Steven Michael Quezada as Steven Gomez
Season_3,Julie Dretzin as Pamela Orbic
Season_3,Carole Gutierrez as Mrs. Ortega
Season_3,Charles Baker as Skinny Pete
Season_3,Rodney Rush as Combo
Season_3,Mary Sue Evans as Janice
Season_3,Amanda Schofield as Waitress
Season_3,Erin Elliott as Stripper #1
Season_3,Portia Cline as Stripper #2
Season_3,Michael McCormick as Pa Kettle
Season_3,Kathy Rose Center as Ma Kettle
Season_3,Bryan Cranston as Walter White
Season_3,Anna Gunn as Skyler White
Season_3,Aaron Paul as Jesse Pinkman
Season_3,Dean Norris as Hank Schrader
Season_3,Betsy Brandt as Marie Schrader
Season_3,RJ Mitte as Walter White Jr.
Season_3,Bob Odenkirk as Saul Goodman
Season_3,Giancarlo Esposito as Gustavo Fring
Season_3,David Costabile as Gale Boetticher
Season_3,Matt Jones as Badger
Season_3,Tom Kiesche as Clovis
Season_3,Larry Hankin as Old Joe
Season_3,Luis Moncada and Daniel Moncada as The Cousins
Season_3,Charles Baker as Skinny Pete
Season_3,Tina Parker as Francesca
Season_3,Ashley Kajiki as Pollos Manager
Season_3,Jose Avila as Deputy Kee
Season_3,Frank Bond as Realtor
Season_3,Jui Hise as Mother
Season_3,Trina Siopy as Nurse
Season_3,John Augustini as Tim
Season_3,Bryan Cranston as Walter White
Season_3,Anna Gunn as Skyler White
Season_3,Aaron Paul as Jesse Pinkman
Season_3,Dean Norris as Hank Schrader
Season_3,Betsy Brandt as Marie Schrader
Season_3,RJ Mitte as Walter White Jr. (credit only)
Season_3,Bob Odenkirk as Saul Goodman
Season_3,Mark Margolis as Hector Salamanca
Season_3,David Costabile as Gale Boetticher
Season_3,Michael Shamus Wiles as ASAC George Merkert
Season_3,Nate Mooney as Arms Dealer
Season_3,Luis Moncada and Daniel Moncada as The Cousins
Season_3,Ruben Munoz-Soto as Young Marco
Season_3,Victor Munoz-Soto as Young Leonel
Season_3,Michael Showers as Union Rep
Season_3,Matthew Feight as Preppy Shopper
Season_3,Mark Sivertsen as ABQ Detective #1
Season_3,Chris Ranney as ABQ Detective #2
Season_3,Steve Cormier as OPR Official #1
Season_3,Wendy Kostora as Screaming Shopper
Season_3,Bryan Cranston as Walter White
Season_3,Anna Gunn as Skyler White
Season_3,Aaron Paul as Jesse Pinkman
Season_3,Dean Norris as Hank Schrader
Season_3,Betsy Brandt as Marie Schrader
Season_3,RJ Mitte as Walter White Jr.
Season_3,Giancarlo Esposito as Gustavo Fring
Season_3,Jonathan Banks as Mike Ehrmantraut
Season_3,David Costabile as Gale Boetticher
Season_3,Steven Michael Quezada as Steven Gomez
Season_3,Michael Shamus Wiles as ASAC George Merkert
Season_3,Javier Grajeda as Juan Bolsa
Season_3,Michael Bryan French as Doctor
Season_3,Daniel Moncada as Leonel Salamanca
Season_3,Charles Baker as Skinny Pete
Season_3,Jeremiah Bitsui as Victor
Season_3,Steve Corona as Orderly
Season_3,Christopher Dempsey as ER Doctor #1
Season_3,Lora Cunningham as ER Doctor #2
Season_3,Brian Lax as EMT
Season_3,John Welker as Lead Doctor
Season_3,Kevin Brown as APD Officer
Season_3,Ken Thomas as Friendly Agent
Season_3,Rosa Estrada as Doctor
Season_3,John Augustini as Tim
Season_3,Angela Blake as Nurse
Season_3,Joe Freeman as The Assassin
Season_3,Timothy Holmes as DEA
Season_3,Bryan Cranston as Walter White
Season_3,Anna Gunn as Skyler White
Season_3,Aaron Paul as Jesse Pinkman
Season_3,Dean Norris as Hank Schrader
Season_3,Betsy Brandt as Marie Schrader
Season_3,RJ Mitte as Walter White Jr.
Season_3,Bob Odenkirk as Saul Goodman
Season_3,Giancarlo Esposito as Gustavo Fring
Season_3,Christopher Cousins as Ted Beneke
Season_3,Steven Michael Quezada as Steven Gomez
Season_3,Matt Jones as Badger
Season_3,Jere Burns as Group Leader
Season_3,Mark Harelik as Doctor
Season_3,Charles Baker as Skinny Pete
Season_3,Jeremiah Bitsui as Victor
Season_3,Cynthia Ruffin as Hospital Administrator
Season_3,Fernando Escandon as Commercial Narrator
Season_3,Phil Arnold as Restaurant Patron
Season_3,Laina Loucks as Rehab Group Girl
Season_3,Bryan Cranston as Walter White
Season_3,"Anna Gunn as Skyler White (credit only, stock audio from ""Phoenix"")"
Season_3,Aaron Paul as Jesse Pinkman
Season_3,Dean Norris as Hank Schrader (credit only)
Season_3,Betsy Brandt as Marie Schrader (credit only)
Season_3,RJ Mitte as Walter White Jr. (credit only)
Season_3,Bryan Cranston as Walter White
Season_3,Anna Gunn as Skyler White
Season_3,Aaron Paul as Jesse Pinkman
Season_3,Dean Norris as Hank Schrader
Season_3,Betsy Brandt as Marie Schrader
Season_3,RJ Mitte as Walter White Jr.
Season_3,Bob Odenkirk as Saul Goodman
Season_3,Giancarlo Esposito as Gustavo Fring
Season_3,Krysten Ritter as Jane Margolis
Season_3,Matt Jones as Badger
Season_3,Jere Burns as Group Leader
Season_3,Emily Rios as Andrea Cantillo
Season_3,Charles Baker as Skinny Pete
Season_3,Ian Posada as Brock
Season_3,Angelo Martinez as Tomas
Season_3,Virginia Montero as Grandma
Season_3,Marius Stan as Bogdan
Season_3,Mike Seal as Rival Dealer #1
Season_3,Antonio Leyba as Rival Dealer #2
Season_3,Rebecca Crago as Physical Therapist
Season_3,Bryan Cranston as Walter White
Season_3,Anna Gunn as Skyler White
Season_3,Aaron Paul as Jesse Pinkman
Season_3,Dean Norris as Hank Schrader
Season_3,Betsy Brandt as Marie Schrader
Season_3,RJ Mitte as Walter White Jr.
Season_3,Bob Odenkirk as Saul Goodman
Season_3,Giancarlo Esposito as Gustavo Fring
Season_3,Jonathan Banks as Mike Ehrmantraut
Season_3,Emily Rios as Andrea Cantillo
Season_3,Jeremiah Bitsui as Victor
Season_3,Julia Minesci as Wendy
Season_3,Ian Posada as Brock
Season_3,Angelo Martinez as Tomas
Season_3,Mike Seal as Rival Dealer #1
Season_3,Antonio Leyba as Rival Dealer #2
Season_3,Andrea Good as Laundry Worker
Season_3,Bryan Cranston as Walter White
Season_3,Anna Gunn as Skyler White
Season_3,Aaron Paul as Jesse Pinkman
Season_3,Dean Norris as Hank Schrader (credit only)
Season_3,Betsy Brandt as Marie Schrader (credit only)
Season_3,RJ Mitte as Walter White Jr.
Season_3,Bob Odenkirk as Saul Goodman
Season_3,Giancarlo Esposito as Gustavo Fring
Season_3,Jonathan Banks as Mike Ehrmantraut
Season_3,David Costabile as Gale Boetticher
Season_3,Jeremiah Bitsui as Victor
Season_3,Louis Herthum as Realtor
Season_3,Kaija Roze Bales as Granddaughter
Season_3,James Ning as Chow
Season_3,Tiley Chao as Peng
Season_3,Eddie J. Fernandez as Cartel Gunman #1
Season_3,Ben Bray as Cartel Gunman #2
Season_3,Toby Holguin as Cartel Gunman #3
Season_3,Eddie Perez as Cartel Gunman #4
Season_3,Unknown actress as Stacey Ehrmantraut
Season_4,Bryan Cranston as Walter White
Season_4,Anna Gunn as Skyler White
Season_4,Aaron Paul as Jesse Pinkman
Season_4,Dean Norris as Hank Schrader
Season_4,Betsy Brandt as Marie Schrader
Season_4,RJ Mitte as Walter White Jr.
Season_4,Bob Odenkirk as Saul Goodman
Season_4,Giancarlo Esposito as Gustavo Fring
Season_4,Jonathan Banks as Mike Ehrmantraut
Season_4,David Costabile as Gale Boetticher
Season_4,Jeremiah Bitsui as Victor
Season_4,Lavell Crawford as Huell
Season_4,Tina Parker as Francesca
Season_4,John Lawlor as Locksmith
Season_4,John Barbour as Neighbor
Season_4,Victoria Aultman as Waitress
Season_4,Rodger Larance as Cab Driver
Season_4,Bryan Cranston as Walter White
Season_4,Anna Gunn as Skyler White
Season_4,Aaron Paul as Jesse Pinkman
Season_4,Dean Norris as Hank Schrader
Season_4,Betsy Brandt as Marie Schrader
Season_4,RJ Mitte as Walter White Jr.
Season_4,Bob Odenkirk as Saul Goodman
Season_4,Giancarlo Esposito as Gustavo Fring (credit only)
Season_4,Jonathan Banks as Mike Ehrmantraut
Season_4,Jim Beaver as Lawson
Season_4,Matt Jones as Badger
Season_4,Emily Rios as Andrea Cantillo
Season_4,Charles Baker as Skinny Pete
Season_4,Marius Stan as Bogdan
Season_4,Ray Campbell as Tyrus
Season_4,Tank Jones as Chuck
Season_4,Ian Posada as Brock
Season_4,John Christopher Hicks as Biker
Season_4,Jefferson Arca as Delivery Man
Season_4,Sarah Minnich as Party Girl
Season_4,David Robinson as Commercial Voice Over
Season_4,Martin Palmer as CarWash Patron
Season_4,Bryan Cranston as Walter White
Season_4,Anna Gunn as Skyler White
Season_4,Aaron Paul as Jesse Pinkman
Season_4,Dean Norris as Hank Schrader
Season_4,Betsy Brandt as Marie Schrader
Season_4,RJ Mitte as Walter White Jr. (credit only)
Season_4,Bob Odenkirk as Saul Goodman
Season_4,Giancarlo Esposito as Gustavo Fring (credit only)
Season_4,Jonathan Banks as Mike Ehrmantraut (credit only)
Season_4,Nigel Gibbs as APD Detective Tim Roberts
Season_4,Jennifer Hasty as Stephanie Doswell
Season_4,Bill Burr as Patrick Kuby
Season_4,Jeremy Howard as Sketchy
Season_4,Marius Stan as Bogdan
Season_4,Lavell Crawford as Huell
Season_4,Ray Campbell as Tyrus
Season_4,Ralph Alderman as First Realtor
Season_4,Delana Michaels as Female Homeowner
Season_4,Jonathan Richards as Male Homeowner
Season_4,Stephen Braddock as Partygoer
Season_4,Bryan Cranston as Walter White
Season_4,Anna Gunn as Skyler White
Season_4,Aaron Paul as Jesse Pinkman
Season_4,Dean Norris as Hank Schrader
Season_4,Betsy Brandt as Marie Schrader
Season_4,RJ Mitte as Walter White Jr.
Season_4,Bob Odenkirk as Saul Goodman
Season_4,Giancarlo Esposito as Gustavo Fring
Season_4,Jonathan Banks as Mike Ehrmantraut
Season_4,David Costabile as Gale Boetticher
Season_4,Jeremy Howard as Sketchy
Season_4,Ray Campbell as Tyrus
Season_4,Frank Andrade as Tweaker Thief
Season_4,Paul Neis as Support Group Leader
Season_4,Brittany Gustin as Morning After Girl
Season_4,Anthony Molinari as Gunman #1
Season_4,Marco Morales as Gunman #2
Season_4,Bryan Cranston as Walter White
Season_4,Anna Gunn as Skyler White
Season_4,Aaron Paul as Jesse Pinkman
Season_4,Dean Norris as Hank Schrader
Season_4,Betsy Brandt as Marie Schrader
Season_4,RJ Mitte as Walter White Jr.
Season_4,Bob Odenkirk as Saul Goodman (credit only)
Season_4,Giancarlo Esposito as Gustavo Fring
Season_4,Jonathan Banks as Mike Ehrmantraut
Season_4,Nigel Gibbs as APD Detective Tim Roberts
Season_4,Ray Campbell as Tyrus
Season_4,Ashley Kajiki as Pollos Manager
Season_4,Rutherford Cravens as Mortgage Broker
Season_4,Unknown actress as Lucy
Season_4,Anthony Martins as Banger #1
Season_4,Bryan Cranston as Walter White
Season_4,Anna Gunn as Skyler White
Season_4,Aaron Paul as Jesse Pinkman
Season_4,Dean Norris as Hank Schrader (credit only)
Season_4,Betsy Brandt as Marie Schrader (credit only)
Season_4,RJ Mitte as Walter White Jr.
Season_4,Bob Odenkirk as Saul Goodman (credit only)
Season_4,Giancarlo Esposito as Gustavo Fring
Season_4,Jonathan Banks as Mike Ehrmantraut
Season_4,Maurice Compte as Gaff
Season_4,Damon Herriman as Scary Skell
Season_4,Blake Berris as Tucker
Season_4,Ray Campbell as Tyrus
Season_4,Marius Stan as Bogdan
Season_4,Jason Hill as Truck Guard #1
Season_4,Henry Herman as Truck Guard #2
Season_4,Luis Pimber as Cartel Henchman
Season_4,Celia Holguin Anaya as Laundry Woman #1
Season_4,Maria L. Pardo as Laundry Woman #2
Season_4,Veronica Jaquez as Laundry Woman #3
Season_4,Andrea Good as Laundry Worker
Season_4,Bryan Cranston as Walter White
Season_4,Anna Gunn as Skyler White
Season_4,Aaron Paul as Jesse Pinkman
Season_4,Dean Norris as Hank Schrader
Season_4,Betsy Brandt as Marie Schrader
Season_4,RJ Mitte as Walter White Jr.
Season_4,Bob Odenkirk as Saul Goodman
Season_4,Giancarlo Esposito as Gustavo Fring
Season_4,Jonathan Banks as Mike Ehrmantraut
Season_4,David Costabile as Gale Boetticher
Season_4,Steven Michael Quezada as Steven Gomez
Season_4,Jere Burns as Group Leader
Season_4,Michael Shamus Wiles as ASAC George Merkert
Season_4,Maurice Compte as Gaff
Season_4,Fran Martone as Colleen
Season_4,"Michael ""Yak"" Oliva as Support Group Member"
Season_4,Keith Meriweather as Mike's Security Team #1
Season_4,Eric Steinig as Mike's Security Team #2
Season_4,Luis Pimber as Cartel Henchman
Season_4,Jason Byrd as Ben
Season_4,Bryan Cranston as Walter White
Season_4,Anna Gunn as Skyler White
Season_4,Aaron Paul as Jesse Pinkman
Season_4,Dean Norris as Hank Schrader
Season_4,Betsy Brandt as Marie Schrader
Season_4,RJ Mitte as Walter White Jr.
Season_4,Bob Odenkirk as Saul Goodman
Season_4,Giancarlo Esposito as Gustavo Fring
Season_4,Jonathan Banks as Mike Ehrmantraut
Season_4,Mark Margolis as Hector Salamanca
Season_4,Steven Michael Quezada as Steven Gomez
Season_4,Emily Rios as Andrea Cantillo
Season_4,Michael Shamus Wiles as ASAC George Merkert
Season_4,Javier Grajeda as Juan Bolsa
Season_4,Nigel Gibbs as APD Detective Tim Roberts
Season_4,James Martinez as Max Arciniega
Season_4,Steven Bauer as Don Eladio Vuente
Season_4,Lavell Crawford as Huell
Season_4,Ian Posada as Brock
Season_4,Michael Sheets as Cancer Patient
Season_4,Daniel Moncada as Leonel Salamanca (archive footage)
Season_4,Michael R. Tafoya as Restaurant Patron
Season_4,Bryan Cranston as Walter White
Season_4,Anna Gunn as Skyler White
Season_4,Aaron Paul as Jesse Pinkman
Season_4,Dean Norris as Hank Schrader
Season_4,Betsy Brandt as Marie Schrader
Season_4,RJ Mitte as Walter White Jr. (credit only)
Season_4,Bob Odenkirk as Saul Goodman (credit only)
Season_4,Giancarlo Esposito as Gustavo Fring
Season_4,Jonathan Banks as Mike Ehrmantraut
Season_4,Christopher Cousins as Ted Beneke
Season_4,Maurice Compte as Gaff
Season_4,Rob Brownstein as CID Special Agent James Picarus
Season_4,Ray Campbell as Tyrus
Season_4,Scott Sharot as Car Wash Customer
Season_4,Eric Steinig as Mike's Security Team Member
Season_4,Christopher King as Chris Mara
Season_4,Richard Barela as Carwash Customer
Season_4,Viola Valdez as Carwash Customer
Season_4,Bryan Cranston as Walter White
Season_4,Anna Gunn as Skyler White
Season_4,Aaron Paul as Jesse Pinkman
Season_4,Dean Norris as Hank Schrader (credit only)
Season_4,Betsy Brandt as Marie Schrader (credit only)
Season_4,RJ Mitte as Walter White Jr.
Season_4,Bob Odenkirk as Saul Goodman
Season_4,Giancarlo Esposito as Gustavo Fring
Season_4,Jonathan Banks as Mike Ehrmantraut
Season_4,Christopher Cousins as Ted Beneke
Season_4,Maurice Compte as Gaff
Season_4,Carlo Rota as Benicio Fuentes
Season_4,Steven Bauer as Don Eladio Vuente
Season_4,Ray Campbell as Tyrus
Season_4,Tina Parker as Francesca (voice only)
Season_4,Rick Ortega as Waiter
Season_4,Stephen A. Eiland as Miguel
Season_4,Amanda Fresquez as Sexy Cartel Girl
Season_4,Michelle Greathouse as Amber
Season_4,Tenaya Torres as Female Employee
Season_4,Gabriel Nunez as Joaquin Salamanca
Season_4,Unknown actor as Don Paco
Season_4,Unknown actor as Don Cesar
Season_4,Unknown actor as Don Renaldo
Season_4,Unknown actor as Don Artuno
Season_4,Unknown actor as Don Cisco
Season_4,Unknown actor as Don Luis
Season_4,Unknown actor as Don Escalada
Season_4,Bryan Cranston as Walter White
Season_4,Anna Gunn as Skyler White
Season_4,Aaron Paul as Jesse Pinkman
Season_4,Dean Norris as Hank Schrader
Season_4,Betsy Brandt as Marie Schrader
Season_4,RJ Mitte as Walter White Jr.
Season_4,Bob Odenkirk as Saul Goodman
Season_4,Giancarlo Esposito as Gustavo Fring
Season_4,Jonathan Banks as Mike Ehrmantraut
Season_4,Mark Margolis as Hector Salamanca
Season_4,Christopher Cousins as Ted Beneke
Season_4,Emily Rios as Andrea Cantillo
Season_4,Bill Burr as Patrick Kuby
Season_4,JB Blanc as Barry Goodman
Season_4,Ray Campbell as Tyrus
Season_4,Lavell Crawford as Huell
Season_4,Tina Parker as Francesca
Season_4,Ian Posada as Brock
Season_4,Christopher King as Chris Mara
Season_4,Grizelda Quintana as Car Wash Attendant
Season_4,Bryan Cranston as Walter White
Season_4,Anna Gunn as Skyler White
Season_4,Aaron Paul as Jesse Pinkman
Season_4,Dean Norris as Hank Schrader
Season_4,Betsy Brandt as Marie Schrader
Season_4,RJ Mitte as Walter White Jr.
Season_4,Bob Odenkirk as Saul Goodman
Season_4,Giancarlo Esposito as Gustavo Fring
Season_4,Jonathan Banks as Mike Ehrmantraut (credit only)
Season_4,Steven Michael Quezada as Steven Gomez
Season_4,Emily Rios as Andrea Cantillo
Season_4,Ray Campbell as Tyrus Kitt
Season_4,Mike Batayeh as Dennis Markowski
Season_4,Lavell Crawford as Huell
Season_4,Tina Parker as Francesca
Season_4,Ian Posada as Brock
Season_4,Virginia Montero as Grandma
Season_4,T.C. Warner as Pediatric Nurse
Season_4,Matt Berlin as DEA Agent
Season_4,Mike Valverde as Dog Handler
Season_4,Christopher King as Chris Mara
Season_4,Bryan Cranston as Walter White
Season_4,Anna Gunn as Skyler White
Season_4,Aaron Paul as Jesse Pinkman
Season_4,Dean Norris as Hank Schrader
Season_4,Betsy Brandt as Marie Schrader
Season_4,RJ Mitte as Walter White Jr.
Season_4,Bob Odenkirk as Saul Goodman
Season_4,Giancarlo Esposito as Gustavo Fring
Season_4,Jonathan Banks as Mike Ehrmantraut (credit only)
Season_4,Mark Margolis as Hector Salamanca
Season_4,Steven Michael Quezada as Steven Gomez
Season_4,Michael Shamus Wiles as ASAC George Merkert
Season_4,Ray Campbell as Tyrus Kitt
Season_4,Myra Turley as Caregiver
Season_4,Gonzalo Menendez as Detective Kalanchoe
Season_4,Tina Parker as Francesca
Season_4,Jason Douglas as Detective Munn
Season_4,Matt Berlin as DEA Agent
Season_4,Kevin Wiggins as Gus' Operative
Season_4,Augusta Meyers as News Reporter
Season_4,Lorenzita Anaya as Little Old Lady
Season_4,Marty Smith as Bingo Caller
Season_4,Erica Viking as Radio DJ #1
Season_4,Steve Ruiz as Radio DJ #2
Season_4,Robert Sanchez as Harry Lipenstein
Season_4,Christopher King as Chris Mara
Season_4,Gail Gilligan as Rebecca Simmons
Season_4,Ricardo Andres as Hospital Patient
Season_4,J.T. Richardson as as DEA Agent
Season_5A,Bryan Cranston as Walter White
Season_5A,Anna Gunn as Skyler White
Season_5A,Aaron Paul as Jesse Pinkman
Season_5A,Dean Norris as Hank Schrader
Season_5A,Betsy Brandt as Marie Schrader (credit only)
Season_5A,RJ Mitte as Walter White Jr.
Season_5A,Bob Odenkirk as Saul Goodman
Season_5A,Jonathan Banks as Mike Ehrmantraut
Season_5A,Christopher Cousins as Ted Beneke
Season_5A,Steven Michael Quezada as Steven Gomez
Season_5A,Jim Beaver as Lawson
Season_5A,Larry Hankin as Old Joe
Season_5A,JB Blanc as Barry Goodman
Season_5A,James Harris as Duty Officer
Season_5A,Monique Candelaria as Waitress
Season_5A,Gail Starr as Nurse
Season_5A,Breanna Perera as Woman in Denny's
Season_5A,Todd Sopher as Magnet Guy #2
Season_5A,Bryan Cranston as Walter White
Season_5A,Anna Gunn as Skyler White
Season_5A,Aaron Paul as Jesse Pinkman
Season_5A,Dean Norris as Hank Schrader
Season_5A,Betsy Brandt as Marie Schrader (credit only)
Season_5A,RJ Mitte as Walter White Jr.
Season_5A,Bob Odenkirk as Saul Goodman
Season_5A,Jonathan Banks as Mike Ehrmantraut
Season_5A,Laura Fraser as Lydia Rodarte-Quayle
Season_5A,Steven Michael Quezada as Steven Gomez
Season_5A,Michael Shamus Wiles as ASAC George Merket
Season_5A,Norbert Weisser as Peter Schuler
Season_5A,Wolf Muser as Mr. Herzog
Season_5A,Carrington Vilmont as Chief Food Technician
Season_5A,James Ning as Chow
Season_5A,Kaija Roze Bales as Kaylee
Season_5A,Christopher King as Chris
Season_5A,Norma Maldonado as Nanny
Season_5A,Debrianna Mansini as Waitress
Season_5A,Trine Christensen as Secretary
Season_5A,Mathias Kaesebier as Lawyer
Season_5A,Brennan Foster as Detective
Season_5A,Lillian Presley Leyba as Kiira
Season_5A,Frank Sandoval as DEA Agent
Season_5A,Ryan Schaefer as Madrigal Suit
Season_5A,Bryan Cranston as Walter White
Season_5A,Anna Gunn as Skyler White
Season_5A,Aaron Paul as Jesse Pinkman
Season_5A,Dean Norris as Hank Schrader (credit only)
Season_5A,Betsy Brandt as Marie Schrader
Season_5A,RJ Mitte as Walter White Jr.
Season_5A,Bob Odenkirk as Saul Goodman
Season_5A,Jonathan Banks as Mike Ehrmantraut
Season_5A,Matt Jones as Badger
Season_5A,Emily Rios as Andrea Cantillo
Season_5A,Jesse Plemons as Todd Alquist
Season_5A,Mike Batayeh as Dennis Markowski
Season_5A,Franc Ross as Ira
Season_5A,Charles Baker as Skinny Pete
Season_5A,Lavell Crawford as Huell Babineaux
Season_5A,Ian Posada as Brock
Season_5A,Joshua Gomez as Sandor
Season_5A,Miguel Martinez as Fernando
Season_5A,Chris Freihofer as Defense Attorney
Season_5A,Kristin Hansen as Deputy
Season_5A,Alex Knight as Salesman
Season_5A,Michael Ostroski as Homeowner
Season_5A,Bryan Cranston as Walter White
Season_5A,Anna Gunn as Skyler White
Season_5A,Aaron Paul as Jesse Pinkman
Season_5A,Dean Norris as Hank Schrader
Season_5A,Betsy Brandt as Marie Schrader
Season_5A,RJ Mitte as Walter White Jr.
Season_5A,Bob Odenkirk as Saul Goodman (credit only)
Season_5A,Jonathan Banks as Mike Ehrmantraut
Season_5A,Laura Fraser as Lydia Rodarte-Quayle
Season_5A,Steven Michael Quezada as Steven Gomez
Season_5A,Todd Terry as S.A.C. Ramey
Season_5A,Russ Dillen as Ron
Season_5A,Melissa McCurley as Secretary
Season_5A,John Ashton as Mechanic
Season_5A,Harona Ceesay as Warehouse Worker
Season_5A,Bryan Cranston as Walter White
Season_5A,Anna Gunn as Skyler White
Season_5A,Aaron Paul as Jesse Pinkman
Season_5A,Dean Norris as Hank Schrader
Season_5A,Betsy Brandt as Marie Schrader
Season_5A,RJ Mitte as Walter White Jr.
Season_5A,Bob Odenkirk as Saul Goodman (credit only)
Season_5A,Jonathan Banks as Mike Ehrmantraut
Season_5A,Laura Fraser as Lydia Rodarte-Quayle
Season_5A,Jesse Plemons as Todd Alquist
Season_5A,Steven Michael Quezada as Steven Gomez
Season_5A,Bill Burr as Patrick Kuby
Season_5A,Jamie McShane as Wallace
Season_5A,Myk Watford as Engineer
Season_5A,Joshua Gomez as Sandor
Season_5A,Miguel Martinez as Fernando
Season_5A,Mary Sue Evans as Janice
Season_5A,Samuel Webb as Boy
Season_5A,Ryan Begay as Good Samaritan
Season_5A,Bryan Cranston as Walter White
Season_5A,Anna Gunn as Skyler White
Season_5A,Aaron Paul as Jesse Pinkman
Season_5A,Dean Norris as Hank Schrader
Season_5A,Betsy Brandt as Marie Schrader
Season_5A,RJ Mitte as Walter White Jr. (credit only)
Season_5A,Bob Odenkirk as Saul Goodman
Season_5A,Jonathan Banks as Mike Ehrmantraut
Season_5A,Jesse Plemons as Todd Alquist
Season_5A,Steven Michael Quezada as Steven Gomez
Season_5A,Louis Ferreira as Declan
Season_5A,Kaija Roze Bales as Kaylee
Season_5A,Samuel Webb as Dirt Bike Boy
Season_5A,Morse Bicknell as Declan's Driver
Season_5A,Phil Duran as DEA Agent
Season_5A,Antoinette Antonio as TV Reporter
Season_5A,Bryan Cranston as Walter White
Season_5A,Anna Gunn as Skyler White
Season_5A,Aaron Paul as Jesse Pinkman
Season_5A,Dean Norris as Hank Schrader
Season_5A,Betsy Brandt as Marie Schrader (credit only)
Season_5A,RJ Mitte as Walter White Jr. (credit only)
Season_5A,Bob Odenkirk as Saul Goodman
Season_5A,Jonathan Banks as Mike Ehrmantraut
Season_5A,Jesse Plemons as Todd Alquist
Season_5A,Steven Michael Quezada as Steven Gomez
Season_5A,Louis Ferreira as Declan
Season_5A,Todd Terry as SAC Ramey
Season_5A,Kaija Roze Bales as Kaylee
Season_5A,Chris Freihofer as Dan Wachsberger
Season_5A,Kathleen Brady as Dorothy
Season_5A,Morse Bicknell as Declan's Driver
Season_5A,Phillip Hart as DEA Agent
Season_5A,Bill Peterson as Senior DEA Agent
Season_5A,Cruz Taylor as Airport Traveler
Season_5A,Bryan Cranston as Walter White
Season_5A,Anna Gunn as Skyler White
Season_5A,Aaron Paul as Jesse Pinkman
Season_5A,Dean Norris as Hank Schrader
Season_5A,Betsy Brandt as Marie Schrader
Season_5A,RJ Mitte as Walter White Jr.
Season_5A,Bob Odenkirk as Saul Goodman
Season_5A,Jonathan Banks as Mike Ehrmantraut
Season_5A,Laura Fraser as Lydia Rodarte-Quayle
Season_5A,Jesse Plemons as Todd Alquist
Season_5A,Steven Michael Quezada as Steven Gomez
Season_5A,Michael Bowen as Jack Welker
Season_5A,Kevin Rankin as Kenny
Season_5A,Mike Batayeh as Dennis Markowski
Season_5A,Chris Freihofer as Dan Wachsberger
Season_5A,Morse Bicknell as Declan's Driver
Season_5A,Russ Dillen as Ron
Season_5A,Antoinette Antonio as TV Reporter
Season_5A,Patrick Sane as Gang Guy
Season_5A,Scott Ward as Public Defender
Season_5A,Craig Nigh as Asst. US Attorney
Season_5A,Michael E. Stogner as Prison Guard
Season_5A,Tommy Goodwin as Prison Inmate
Season_5B,Bryan Cranston as Walter White
Season_5B,Anna Gunn as Skyler White
Season_5B,Aaron Paul as Jesse Pinkman
Season_5B,Dean Norris as Hank Schrader
Season_5B,Betsy Brandt as Marie Schrader
Season_5B,RJ Mitte as Walter White Jr.
Season_5B,Bob Odenkirk as Saul Goodman
Season_5B,Laura Fraser as Lydia Rodarte-Quayle
Season_5B,Jesse Plemons as Todd Alquist (credit only)
Season_5B,Matt Jones as Badger
Season_5B,Charles Baker as Skinny Pete
Season_5B,Lavell Crawford as Huell Babineaux
Season_5B,Tina Parker as Francesca
Season_5B,Pedro García as Mariano
Season_5B,Cheryl Ford-Mente as Carol
Season_5B,Debi Parker as Min-Ye
Season_5B,Chad Brummett as DEA Agent Artie
Season_5B,Joe Nemmers as DEA Agent Scott
Season_5B,Wayne Dehart as Homeless Man
Season_5B,Brett Shane Cooley as Homeowner
Season_5B,Ray Chavez as Skater
Season_5B,Taber Cross as Neighbor
Season_5B,Jyl Murray as Car Wash Patron
Season_5B,Bryan Cranston as Walter White
Season_5B,Anna Gunn as Skyler White
Season_5B,Aaron Paul as Jesse Pinkman
Season_5B,Dean Norris as Hank Schrader
Season_5B,Betsy Brandt as Marie Schrader
Season_5B,RJ Mitte as Walter White Jr. (credit only)
Season_5B,Bob Odenkirk as Saul Goodman
Season_5B,Laura Fraser as Lydia Rodarte-Quayle
Season_5B,Jesse Plemons as Todd Alquist
Season_5B,Steven Michael Quezada as Steven Gomez
Season_5B,Bill Burr as Patrick Kuby
Season_5B,Lavell Crawford as Huell Babineaux
Season_5B,Louis Ferreira as Declan
Season_5B,Michael Bowen as Jack Welker
Season_5B,Kevin Rankin as Kenny
Season_5B,Gonzalo Menendez as Detective Kalanchoe
Season_5B,Jason Douglas as Detective Munn
Season_5B,Morse Bicknell as Declan's Driver
Season_5B,Pedro García as Mariano
Season_5B,Victoria Lease as DEA Agent
Season_5B,Patrick Sane as Frankie
Season_5B,Tait Fletcher as Lester
Season_5B,Matthew T. Metzler as Matt
Season_5B,Mark Vasconcellos as Jack's Henchman
Season_5B,Michael Davis as Old Man
Season_5B,Kevin Owen McDonald as Meth Cook
Season_5B,Bryan Cranston as Walter White
Season_5B,Anna Gunn as Skyler White
Season_5B,Aaron Paul as Jesse Pinkman
Season_5B,Dean Norris as Hank Schrader
Season_5B,Betsy Brandt as Marie Schrader
Season_5B,RJ Mitte as Walter White Jr.
Season_5B,Bob Odenkirk as Saul Goodman
Season_5B,Laura Fraser as Lydia Rodarte-Quayle (credit only)
Season_5B,Jesse Plemons as Todd Alquist
Season_5B,Steven Michael Quezada as Steven Gomez
Season_5B,Lavell Crawford as Huell Babineaux
Season_5B,Michael Bowen as Jack Welker
Season_5B,Kevin Rankin as Kenny
Season_5B,Gonzalo Menendez as Detective Kalanchoe
Season_5B,Guy Wilson as Trent
Season_5B,Tina Parker as Francesca
Season_5B,Jason Douglas as Detective Munn
Season_5B,Mary Sue Evans as Janice
Season_5B,Millard Drexler as Customer
Season_5B,Caroline Patz as Waitress
Season_5B,Unknown actor as Ed Galbraith
Season_5B,Jon McGarrah as Garduño's Diner
Season_5B,Louise Stange-Wahl as Restaurant Patron
Season_5B,Michael Stone	as Car Wash Customer
Season_5B,Bryan Cranston as Walter White
Season_5B,Anna Gunn as Skyler White
Season_5B,Aaron Paul as Jesse Pinkman
Season_5B,Dean Norris as Hank Schrader
Season_5B,Betsy Brandt as Marie Schrader
Season_5B,RJ Mitte as Walter White Jr.
Season_5B,Bob Odenkirk as Saul Goodman
Season_5B,Laura Fraser as Lydia Rodarte-Quayle (credit only)
Season_5B,Jesse Plemons as Todd Alquist (credit only)
Season_5B,Steven Michael Quezada as Steven Gomez
Season_5B,Bill Burr as Patrick Kuby
Season_5B,Lavell Crawford as Huell Babineaux
Season_5B,Bruce McKenzie as Dave
Season_5B,Wray Crawford as Locksmith
Season_5B,Manny Rey as Carpet Cleaner
Season_5B,Rafael Herrera as Carpet Cleaner #2
Season_5B,Sachie Capitani as Kid
Season_5B,Jack Burning as Homeless Man
Season_5B,Chester Gayao as Businessman
Season_5B,Holly Pinnell as Homeless Man's Wife
Season_5B,Bryan Cranston as Walter White
Season_5B,Anna Gunn as Skyler White
Season_5B,Aaron Paul as Jesse Pinkman
Season_5B,Dean Norris as Hank Schrader
Season_5B,Betsy Brandt as Marie Schrader
Season_5B,RJ Mitte as Walter White Jr.
Season_5B,Bob Odenkirk as Saul Goodman
Season_5B,Laura Fraser as Lydia Rodarte-Quayle
Season_5B,Jesse Plemons as Todd Alquist
Season_5B,Steven Michael Quezada as Steven Gomez
Season_5B,Emily Rios as Andrea Cantillo
Season_5B,Lavell Crawford as Huell Babineaux
Season_5B,Michael Bowen as Jack Welker
Season_5B,Kevin Rankin as Kenny
Season_5B,Ian Posada as Brock
Season_5B,Patrick Sane as Frankie
Season_5B,Tait Fletcher as Lester
Season_5B,Matthew T. Metzler as Matt
Season_5B,Phil Duran as Agent Van Oster
Season_5B,Merritt Glover as Customer
Season_5B,Bryan Cranston as Walter White
Season_5B,Anna Gunn as Skyler White
Season_5B,Aaron Paul as Jesse Pinkman
Season_5B,Dean Norris as Hank Schrader
Season_5B,Betsy Brandt as Marie Schrader
Season_5B,RJ Mitte as Walter White Jr.
Season_5B,Bob Odenkirk as Saul Goodman (credit only)
Season_5B,Laura Fraser as Lydia Rodarte-Quayle (credit only)
Season_5B,Jesse Plemons as Todd Alquist
Season_5B,Steven Michael Quezada as Steven Gomez
Season_5B,Michael Bowen as Jack Welker
Season_5B,Kevin Rankin as Kenny
Season_5B,Patrick Sane as Frankie
Season_5B,Tait Fletcher as Lester
Season_5B,Matthew T. Metzler as Matt
Season_5B,Saginaw Grant as Native American Man
Season_5B,Hank Rogerson as Detective #1
Season_5B,Billy Lockwood as Detective # 2
Season_5B,Patricio Delgado as Cop #1
Season_5B,Carlos Telles as Cop # 2
Season_5B,Noah Segan as Fireman
Season_5B,Unknown actor as Ed Galbraith
Season_5B,Rodger Larance as Diner Patron
Season_5B,Noah Segan as Fireman
Season_5B,Moira Walley-Beckett as Car Wash Customer
Season_5B,Bryan Cranston as Walter White
Season_5B,Anna Gunn as Skyler White
Season_5B,Aaron Paul as Jesse Pinkman
Season_5B,Dean Norris as Hank Schrader (voice only)
Season_5B,Betsy Brandt as Marie Schrader
Season_5B,RJ Mitte as Walter White Jr.
Season_5B,Bob Odenkirk as Saul Goodman
Season_5B,Laura Fraser as Lydia Rodarte-Quayle
Season_5B,Jesse Plemons as Todd Alquist
Season_5B,Emily Rios as Andrea Cantillo
Season_5B,Michael Bowen as Jack Welker
Season_5B,Kevin Rankin as Kenny
Season_5B,Adam Godley as Elliott Schwartz
Season_5B,Jessica Hecht as Gretchen Schwartz
Season_5B,Carmen Serano as Carmen Molina
Season_5B,Brennan Brown as US Attorney
Season_5B,Eric Price as Skyler's lawyer
Season_5B,Robert Forster as Ed
Season_5B,Todd Terry as ASAC Ramey
Season_5B,Patrick Sane as Frankie
Season_5B,Tait Fletcher as Lester
Season_5B,Matthew T. Metzler as Matt
Season_5B,Joe Nemmers as DEA Agent Scott
Season_5B,Aaron Wright as Deputy #1
Season_5B,Dave Priemazon as Deputy #2
Season_5B,Julianne Flores as Waitress
Season_5B,William Stafford as Government Lawyer
Season_5B,Deborah Martinez as School Office Worker
Season_5B,Kurt Soderstrom as Bartender
Season_5B,Leslie O'Carroll as Barfly
Season_5B,Charlie Rose as Himself
Season_5B,Bryan Cranston as Walter White
Season_5B,Anna Gunn as Skyler White
Season_5B,Aaron Paul as Jesse Pinkman
Season_5B,Dean Norris as Hank Schrader (archive footage)
Season_5B,Betsy Brandt as Marie Schrader
Season_5B,RJ Mitte as Walter White Jr.
Season_5B,Bob Odenkirk as Saul Goodman (credit only)
Season_5B,Laura Fraser as Lydia Rodarte-Quayle
Season_5B,Jesse Plemons as Todd Alquist
Season_5B,Matt Jones as Badger
Season_5B,Charles Baker as Skinny Pete
Season_5B,Michael Bowen as Jack Welker
Season_5B,Kevin Rankin as Kenny
Season_5B,Adam Godley as Elliott Schwartz
Season_5B,Jessica Hecht as Gretchen Schwartz
Season_5B,Patrick Sane as Frankie
Season_5B,Tait Fletcher as Lester
Season_5B,Matthew T. Metzler as Matt
Season_5B,Alex Gianopoulos as Waiter
Season_5B,Steve Stafford as DEA Agent
Season_5B,Monique Candelaria as Waitress (archive footage)
Season_5B,Rick Anglada as Albuquerque Police Officer
Season_5B,Timothy Holmes as DEA
Season_5B,Steven Michael Quezada as Steven Gomez (archive footage)
Season_5B,Mark Vasconcellos as Jack's Henchman
Season_5B,Melissa Bernstein as Student in bus
